Trust QEHVI;Understanding QEHVI;MentalLoad QEHVI;PerceivedSafety QEHVI;Aesthetics QEHVI;Acceptance QEHVI;Trajectory;TrajectoryAlpha;TrajectorySize;EgoTrajectory;EgoTrajectoryAlpha;EgoTrajectorySize;PedestrianIntention ;PedestrianIntentionSize ;SemanticSegmentation;SemanticSegmentationAlpha;CarStatus;CarStatusAlpha;CoveredArea;CoveredAreaAlpha;CoveredAreaSize;OccludedCars;IsPareto;Run
5.0;5.0;5.0;2.5;4.0;6.0;0.75;0.7;0.43;0.75;0.72;0.32;0.75;0.17;0.75;0.2535318;0.75;0.67;0.75;0.4543651;0.6347883;0.25;TRUE;0
5.0;5.0;5.0;2.5;4.0;6.0;0.75;0.7;0.43;0.75;0.72;0.32;0.75;0.17;0.75;0.2535318;0.75;0.67;0.75;0.4543651;0.6347883;0.25;FALSE;0
0.5;0.0;0.052631578947368474;0.25;1.0;0.8333333333333333;0.15975123523094914;0.27269364258005785;0.07982695651545837;0.8306376470011247;0.0;1.0;0.326218184806613;0.8015497523573716;0.16169741830822862;1.0;0.8307306592232907;0.0;0.22213824073806424;1.0;0.0587094915130822;0.7163950271093811;FALSE;1
1.0;1.0;0.5789473684210527;1.0;1.0;0.8333333333333333;0.7877584689815936;0.7284398623756299;0.45235768732793236;0.7448878700156216;0.7665949575310887;0.27367937962824185;0.774210119516617;0.1279369662064375;0.7890920832247744;0.20231522039392663;0.7442738745725647;0.7151453899405877;0.7844552481809254;0.4175908846384023;0.6740945257426888;0.2175953367395697;FALSE;2
1.0;1.0;0.8947368421052632;1.0;1.0;1.0;0.7097095813816123;0.6696570621542284;0.4061476743769798;0.755453444677643;0.6702709665496804;0.36943598766239555;0.7241710863538589;0.21488743026800872;0.7082854523319124;0.30820107931406154;0.7561084471977466;0.6218197153255324;0.7132362794667939;0.49360468823603004;0.5928450383331022;0.2845748643034401;FALSE;3
1.0;1.0;0.8947368421052632;1.0;1.0;1.0;0.7494447416739298;0.6214714196202814;0.3181158237427434;0.8455915074270697;0.7473184232151625;0.2679277562395792;0.7135391342264159;0.15634030748054592;0.7560886300399269;0.21849849928516943;0.8536268733798772;0.7035374990543349;0.7335103760043263;0.46516709455251914;0.6394317600702155;0.2802311204641341;FALSE;4
